{
  "tabPane": [],
  "windowGeometry": {
    "x": -7.199999809265137,
    "y": -7.199999809265137,
    "width": 1550.4000244140625,
    "height": 838.4000244140625
  }
}